<?xml version="1.0" encoding="UTF-8"?>
<project-private xmlns="http://www.netbeans.org/ns/project-private/1">
    <editor-bookmarks xmlns="http://www.netbeans.org/ns/editor-bookmarks/2" lastBookmarkId="0"/>
    <open-files xmlns="http://www.netbeans.org/ns/projectui-open-files/2">
        <group>
            <file>file:/C:/Users/tgdg/OneDrive/Documentos/NetBeansProjects/BancoMexicano/src/bancomexicano/CuentaBancaria.java</file>
            <file>file:/C:/Users/tgdg/OneDrive/Documentos/NetBeansProjects/BancoMexicano/src/bancomexicano/MenuPrincipal.java</file>
            <file>file:/C:/Users/tgdg/OneDrive/Documentos/NetBeansProjects/BancoMexicano/src/bancomexicano/VentanaDeposito.java</file>
            <file>file:/C:/Users/tgdg/OneDrive/Documentos/NetBeansProjects/BancoMexicano/src/bancomexicano/VentanaRetiro.java</file>
            <file>file:/C:/Users/tgdg/OneDrive/Documentos/NetBeansProjects/BancoMexicano/src/bancomexicano/VentanaSaldo.java</file>
        </group>
    </open-files>
</project-private>
